filename,status,place,area,latitude,longitude,reported_probability,verified
1_seek_000135.000s.jpg,done,"Dnieper rapids rock formations, Ukraine",Ukraine · Zaporizhzhia,47.864,35.079,0.91,False
1_seek_000165.000s.jpg,done,"Dnieper hydroelectric power station construction site, Zaporizhzhia, Ukraine",Ukraine · Zaporizhzhia,47.86,35.084,0.92,False
1_seek_000315.000s.jpg,done,"Dnieper hydroelectric power station construction site, Zaporizhzhia, Ukraine",Ukraine · Zaporizhzhia,47.861,35.085,0.93,False
1_seek_000375.000s.jpg,done,"Dnieper hydroelectric power station, Zaporizhzhia, Ukraine",Ukraine · Zaporizhzhia,47.862,35.083,0.94,False
1_seek_000495.000s.jpg,done,"Dnieper hydroelectric power station construction site, Zaporizhzhia, Ukraine",Ukraine · Zaporizhzhia,47.861,35.084,0.94,False
1_seek_000525.000s.jpg,done,"Dnieper hydroelectric power station construction site, Zaporizhzhia, Ukraine",Ukraine · Zaporizhzhia,47.86,35.086,0.9,False
1_seek_000735.000s.jpg,done,"Village along the Dnieper River, Zaporizhzhia Oblast, Ukraine",Ukraine · Zaporizhzhia Oblast · Zaporizhzhia,47.87,35.1,0.86,False
1_seek_001785.000s.jpg,done,"Dnieper hydroelectric power station auxiliary industrial complex, Zaporizhzhia, Ukraine",Ukraine · Zaporizhzhia,47.864,35.081,0.88,False
1_seek_002145.000s.jpg,done,"Dnieper hydroelectric power station construction camp, Zaporizhzhia, Ukraine",Ukraine · Zaporizhzhia,47.863,35.082,0.89,False
1_seek_002205.000s.jpg,done,"Dnieper River watermill, Kyiv, Ukraine",Ukraine · Kyiv,50.45,30.52,0.82,False
1_seek_002805.000s.jpg,done,"Independence Square, Kyiv, Ukraine",Ukraine · Kyiv,50.45,30.523,0.84,False
1_seek_002865.000s.jpg,done,"Dnieper steelworks, Zaporizhzhia, Ukraine",Ukraine · Zaporizhzhia,47.84,35.06,0.87,False
1_seek_002955.000s.jpg,done,"Dnieper hydroelectric power station bridge, Zaporizhzhia, Ukraine",Ukraine · Zaporizhzhia,47.861,35.087,0.88,False
3_seek_000195.000s.jpg,done,"Dnieper hydroelectric power station navigation lock, Zaporizhzhia, Ukraine",Ukraine · Zaporizhzhia,47.86,35.088,0.9,False
3_seek_000225.000s.jpg,done,"Dnieper hydroelectric power station navigation lock, Zaporizhzhia, Ukraine",Ukraine · Zaporizhzhia,47.86,35.088,0.92,False
3_seek_000555.000s.jpg,done,"Dnieper River bank, Kyiv, Ukraine",Ukraine · Kyiv,50.35,30.5,0.86,False
3_seek_000825.000s.jpg,done,"Dnieper hydroelectric power station, Zaporizhzhia, Ukraine",Ukraine · Zaporizhzhia,47.862,35.086,0.93,False
3_seek_001335.000s.jpg,done,"Steppe along the lower Dnieper River, Zaporizhzhia, Ukraine",Ukraine · Zaporizhzhia,47.75,35.15,0.82,False
3_seek_003345.000s.jpg,done,"Dnieper hydroelectric power station construction site, Zaporizhzhia, Ukraine",Ukraine · Zaporizhzhia,47.862,35.086,0.92,False
3_seek_003765.000s.jpg,done,"Dnieper River bank, Ukraine",Ukraine · Kyiv,50.45,30.53,0.81,False
3_seek_005775.000s.jpg,done,"Dnieper hydroelectric power station, Zaporizhzhia, Ukraine",Ukraine · Zaporizhzhia,47.862,35.086,0.93,False
3_seek_006105.000s.jpg,done,"Dnieper Reservoir, Zaporizhzhia, Ukraine",Ukraine · Zaporizhzhia,47.78,35.02,0.85,False
3_seek_006135.000s.jpg,done,"Dnieper Reservoir, Zaporizhzhia, Ukraine",Ukraine · Zaporizhzhia,47.78,35.02,0.86,False
